age,sex,chest_pain_type,resting_blood_pressure,cholesterol,fasting_blood_sugar,resting_ecg,max_heart_rate,exercise_angina,oldpeak,st_slope,target
77,1,0,137.4,202.4,0,0,130.1,1,0.0,0,0
60,1,2,103.6,220.5,0,0,124.7,0,0.1,1,0
62,1,2,119.1,289.0,0,0,134.6,1,5.4,2,1
58,1,2,133.5,288.5,0,1,138.7,0,0.2,1,0
60,1,0,184.8,239.5,0,1,202.0,1,1.9,2,0
51,0,0,148.8,241.7,0,1,136.1,0,0.4,1,1
46,0,1,122.0,175.4,1,0,154.1,0,2.0,2,0
59,1,1,104.1,220.5,0,1,151.7,0,0.7,2,1
36,1,0,125.3,218.7,0,0,141.1,1,1.3,1,0
61,1,1,132.2,177.6,0,1,140.3,0,0.4,0,0
59,1,0,150.8,308.1,0,0,167.2,1,1.7,2,1
49,1,0,122.3,235.8,0,1,162.2,1,3.1,1,1
56,0,0,146.3,239.9,1,1,143.6,0,0.5,0,0
47,1,0,151.0,286.6,1,0,181.4,0,0.0,1,0
46,1,0,127.4,198.6,0,0,157.1,1,0.6,2,0
62,1,0,145.3,281.6,0,0,138.0,0,0.8,2,0
56,0,1,125.2,129.0,1,1,165.2,0,1.1,2,0
72,1,0,132.1,216.4,0,1,169.8,0,0.3,2,1
77,1,0,105.0,142.1,0,0,128.3,1,1.2,2,0
60,1,0,132.4,310.2,0,1,151.1,0,0.1,2,0
57,0,0,146.7,284.7,0,0,147.3,0,0.3,0,0
69,1,3,141.8,213.1,0,0,202.0,1,3.0,2,1
39,1,1,127.4,246.6,0,0,167.1,0,2.1,1,0
43,0,0,149.3,202.1,0,0,140.7,0,0.1,1,0
53,0,2,121.3,267.7,0,0,159.2,0,0.4,0,0
57,0,0,127.6,286.4,0,0,196.6,1,0.5,0,1
55,1,2,107.7,214.7,0,2,122.2,0,2.1,1,1
56,1,2,143.5,266.3,0,1,169.6,0,0.8,1,1
61,1,0,124.0,202.0,1,0,173.3,1,1.4,1,0
55,0,2,135.7,229.3,0,1,141.0,1,0.1,2,0
60,1,2,135.0,257.7,0,0,174.8,1,0.3,2,1
57,1,1,131.5,285.9,0,1,142.4,1,0.8,2,1
49,1,3,137.0,212.2,0,0,158.7,0,0.5,1,1
47,0,0,144.7,240.7,0,0,168.7,1,6.2,2,1
45,0,2,130.1,269.7,1,0,140.8,1,6.2,2,1
58,0,0,141.3,286.3,0,1,147.4,0,0.8,2,1
53,1,0,134.7,319.0,0,0,170.7,0,0.4,0,0
71,1,0,141.8,237.8,0,1,140.9,0,0.3,1,0
56,1,0,127.3,346.4,0,1,112.3,0,2.8,1,0
72,1,0,149.8,205.2,0,0,120.5,1,1.5,2,0
45,1,1,142.6,290.4,0,1,183.7,0,1.5,1,0
56,1,0,116.8,329.7,0,0,151.2,0,1.6,2,0
44,1,1,128.8,342.9,0,0,169.0,0,0.5,0,1
54,1,0,118.5,241.0,0,1,141.0,0,1.4,1,0
63,1,1,100.3,192.1,1,0,100.6,1,0.1,1,0
52,1,0,127.9,167.7,0,0,135.8,0,2.0,1,0
54,1,2,154.9,224.4,0,0,122.0,1,1.1,2,1
60,0,0,143.6,151.5,1,0,150.4,1,1.6,1,0
73,1,3,131.4,205.9,0,0,172.7,0,1.3,1,1
48,1,2,139.1,152.4,0,1,147.5,0,0.2,2,1
47,0,0,143.2,264.0,0,1,114.1,0,1.0,1,1
51,1,1,153.0,304.2,0,1,138.9,1,2.4,2,1
55,1,2,146.3,238.4,0,1,154.1,0,0.6,2,1
50,1,2,168.9,322.2,1,1,150.7,0,0.6,2,0
59,1,2,151.9,228.9,0,1,137.9,1,0.4,2,1
63,1,0,101.2,279.6,1,0,144.4,1,1.2,1,1
46,1,3,133.9,197.1,0,1,172.9,0,0.5,2,1
71,0,2,149.8,258.7,1,0,157.0,0,0.4,1,1
44,0,0,128.1,288.8,0,0,122.5,1,2.1,2,0
59,0,0,104.3,265.0,0,0,120.0,1,0.7,2,0
57,1,2,132.5,301.1,0,1,161.6,0,1.5,2,1
73,1,0,120.9,255.2,1,0,168.8,0,0.3,2,0
51,1,3,94.0,251.6,0,1,178.4,1,2.9,2,1
56,1,2,129.4,256.0,0,0,157.6,0,0.6,1,1
60,1,0,150.6,310.0,1,0,160.0,1,1.6,1,0
63,0,1,144.1,267.4,0,0,156.6,0,0.1,2,0
54,1,0,144.0,271.3,1,0,143.1,0,0.5,1,0
71,1,3,134.6,257.8,0,1,122.2,0,1.0,1,1
45,1,2,113.0,308.3,0,1,168.8,0,1.4,2,0
47,1,2,153.2,126.0,0,0,139.1,0,0.2,2,1
56,0,0,127.7,214.3,0,1,176.1,0,0.1,2,0
47,1,0,121.0,249.6,0,1,141.5,0,0.1,2,0
41,1,0,134.9,254.0,0,1,125.5,0,0.3,1,0
67,1,2,162.0,169.9,0,0,158.8,0,4.1,2,0
63,1,0,140.6,327.7,1,0,146.9,0,0.9,1,1
35,0,1,137.8,256.3,0,0,124.6,1,1.3,2,1
63,0,1,115.7,218.6,0,1,108.5,0,2.1,1,1
65,1,0,165.9,319.7,0,1,159.9,0,2.8,2,0
44,1,0,147.5,296.5,0,1,137.0,0,0.2,1,0
66,1,1,160.4,169.9,1,1,158.1,1,0.7,1,1
41,0,2,164.0,132.8,0,1,156.1,0,0.8,2,0
49,1,0,110.9,201.4,0,0,163.7,0,0.5,1,0
52,0,0,147.3,291.8,0,1,146.5,1,2.3,2,1
58,1,2,145.6,289.9,0,0,156.0,1,0.1,1,1
57,0,1,100.0,264.6,0,0,132.7,1,0.1,2,1
56,0,0,138.0,289.9,0,0,182.8,1,0.4,2,0
46,1,2,123.7,236.6,0,1,140.2,0,0.1,2,1
68,1,2,96.8,309.1,0,1,177.9,1,6.2,2,1
60,1,0,145.6,291.4,1,1,154.2,0,1.3,1,1
49,1,0,128.2,199.3,1,1,167.8,0,0.9,1,0
49,0,1,130.6,243.5,0,1,186.9,0,0.3,2,0
67,1,0,144.9,250.9,0,0,134.2,0,0.1,2,1
60,1,1,133.0,291.2,0,1,172.6,0,4.0,1,0
46,0,0,139.5,197.3,1,0,139.7,1,2.9,0,0
50,1,0,109.7,242.9,0,0,160.0,1,3.2,1,1
63,0,2,145.5,276.6,0,1,145.4,0,0.1,2,1
36,0,3,125.3,221.2,0,1,156.8,1,0.5,0,1
46,1,0,113.7,295.1,0,1,123.0,0,3.0,1,0
60,1,0,125.3,287.0,1,0,164.9,0,1.0,2,0
43,0,0,144.8,216.9,1,0,131.0,0,1.8,1,0
68,1,2,106.0,245.3,0,0,160.5,0,1.2,2,1
44,0,2,143.6,257.3,0,0,152.3,0,0.6,2,0
41,1,0,124.9,245.3,0,0,145.5,0,0.4,1,0
42,0,1,164.4,190.8,0,1,171.6,0,0.2,2,1
54,1,0,144.4,206.5,1,0,178.9,0,0.2,2,0
50,1,0,137.4,338.6,0,0,186.4,0,0.5,1,0
47,1,2,146.0,224.1,0,1,88.1,0,0.9,1,1
55,1,0,122.5,274.5,0,1,177.6,0,0.0,2,0
47,1,0,140.0,219.9,0,1,154.4,0,0.5,1,0
56,1,0,128.2,144.9,0,0,149.6,1,0.6,1,0
60,0,2,121.9,353.7,0,1,195.7,0,1.0,2,1
57,1,2,136.1,202.7,0,1,187.6,0,1.8,1,0
44,0,0,129.4,251.0,1,1,189.3,0,0.6,2,0
62,1,1,155.3,201.4,0,1,141.2,0,0.9,1,0
55,1,2,137.1,224.2,0,1,173.0,1,0.6,1,1
61,1,0,137.6,240.7,0,1,106.4,0,0.7,2,1
63,1,0,128.6,221.8,1,0,130.5,0,2.8,1,0
50,0,2,154.2,270.3,1,1,142.1,0,0.1,2,0
61,1,0,98.9,334.9,0,0,146.3,0,0.1,1,0
48,1,0,99.1,228.2,0,1,128.7,0,0.8,2,0
59,1,0,110.9,310.3,0,0,188.8,1,1.7,2,1
39,0,2,131.9,213.0,0,0,150.6,0,2.2,0,0
60,1,0,96.9,267.7,0,0,126.3,0,3.2,2,0
54,0,0,113.0,215.3,0,0,123.8,1,0.5,2,0
39,1,0,143.6,244.1,0,1,155.6,0,0.3,1,0
57,1,2,141.0,243.1,0,0,144.1,0,4.3,1,0
49,1,0,105.9,313.2,0,1,163.2,1,1.1,1,0
73,1,2,143.9,282.2,0,1,138.7,1,1.2,2,1
56,1,2,158.7,271.3,0,1,164.7,0,0.2,1,1
75,1,3,169.3,231.3,0,1,178.2,0,3.6,2,1
60,1,1,134.7,292.3,0,1,133.4,0,0.1,2,0
46,0,0,136.8,293.6,0,1,168.9,0,0.4,2,0
57,0,2,129.8,256.6,0,0,157.8,0,2.3,1,1
56,1,1,161.4,218.0,0,1,160.3,0,2.5,2,0
62,1,0,140.9,259.6,0,1,122.9,0,0.7,1,0
40,0,0,115.1,174.3,0,1,176.6,0,1.3,0,0
52,1,0,146.4,301.8,0,0,179.1,0,3.2,1,0
49,0,0,120.9,144.8,0,2,114.6,0,1.3,1,0
56,1,2,142.1,308.2,0,1,167.8,1,0.5,2,1
56,1,0,109.3,199.8,0,1,202.0,0,0.5,2,0
57,0,0,129.6,212.6,0,1,150.6,0,3.7,1,0
60,0,3,174.4,223.2,1,1,179.1,0,0.9,1,0
52,1,0,110.7,282.1,0,0,154.4,0,0.2,2,0
61,1,0,135.8,220.3,0,1,114.9,0,0.2,1,0
50,0,0,152.1,292.3,1,1,176.3,1,1.6,2,1
50,0,1,127.5,303.8,0,0,170.4,0,0.8,1,0
57,0,3,150.5,297.3,0,0,148.1,1,2.2,1,1
56,0,2,139.9,195.4,0,1,144.8,1,1.7,1,1
45,0,0,120.9,313.9,0,1,107.5,0,1.2,2,0
74,0,3,117.8,217.2,0,1,187.5,0,0.7,2,1
45,1,0,135.2,358.3,0,1,199.9,1,0.6,1,0
40,0,1,100.2,224.2,0,1,141.3,0,0.3,2,0
64,1,1,109.2,130.6,0,0,159.7,1,1.0,1,0
59,1,1,135.1,300.2,0,0,102.5,1,1.1,1,1
57,0,3,110.2,234.8,0,0,140.9,1,0.7,2,1
48,0,2,127.2,189.4,0,0,162.2,0,4.1,2,0
41,1,2,110.3,193.5,0,1,135.6,0,0.8,1,0
52,0,2,153.5,333.5,0,1,136.0,0,1.7,0,0
53,0,1,147.4,236.5,0,0,134.8,0,2.4,2,1
54,1,0,139.5,227.4,1,1,152.3,1,0.6,1,0
55,0,0,134.9,256.1,0,0,199.3,0,0.2,2,0
65,0,0,122.2,271.3,0,1,172.9,0,0.8,2,0
44,0,2,111.3,185.0,0,1,140.0,0,1.6,1,0
37,1,0,168.9,259.5,0,0,162.8,1,1.2,1,1
50,1,0,142.4,207.4,0,0,191.2,0,1.7,1,0
39,1,2,128.8,245.2,0,1,143.6,0,0.7,2,1
29,0,0,139.4,251.3,0,1,143.8,0,1.5,2,0
68,1,0,148.4,415.7,0,0,171.9,0,0.2,2,0
56,1,0,154.6,312.3,0,1,150.3,0,0.8,0,1
48,1,0,161.2,397.0,1,1,163.5,1,1.1,1,0
50,1,2,144.6,231.9,0,1,151.4,0,0.7,0,1
70,1,0,117.2,298.2,0,0,145.6,0,0.7,0,1
64,1,3,133.0,259.2,1,0,202.0,1,4.1,1,1
62,0,0,140.5,326.1,0,1,130.3,1,1.9,2,1
57,1,0,130.2,140.3,0,0,141.5,0,3.8,1,0
44,1,1,133.1,175.9,0,0,164.0,0,2.9,0,1
53,1,2,94.0,157.1,0,0,169.7,0,3.6,1,0
45,1,0,161.1,292.1,0,0,148.3,1,1.0,2,1
72,1,2,128.8,203.1,0,1,143.3,0,0.2,2,1
44,1,2,161.8,263.5,0,1,150.7,0,0.1,0,1
42,0,2,148.2,263.9,0,1,142.7,0,0.7,1,0
39,1,2,138.8,232.4,0,0,162.5,0,1.5,1,0
61,0,3,167.4,294.7,0,1,121.2,0,0.2,1,1
39,1,0,119.5,235.4,1,0,142.6,1,0.1,1,0
59,0,0,180.2,299.1,1,2,160.5,1,2.1,2,1
56,1,0,133.3,212.5,1,1,164.4,0,0.0,1,0
52,0,1,99.0,271.0,0,0,149.0,0,1.9,2,1
76,0,0,119.2,280.6,0,1,167.8,0,0.2,1,0
49,0,0,133.7,165.3,0,1,95.7,0,1.1,1,0
58,0,2,99.5,254.2,0,1,149.3,0,0.6,2,0
43,0,0,129.2,229.6,0,0,132.3,1,1.8,2,1
47,0,1,123.5,205.9,0,1,163.9,0,0.3,0,0
61,1,0,119.0,374.4,0,0,161.5,0,1.4,1,0
47,0,0,121.8,292.6,0,0,189.7,0,1.3,2,0
54,1,0,117.7,304.6,0,0,130.3,0,0.3,2,0
60,1,2,135.1,343.0,0,0,108.6,0,1.1,1,1
55,1,0,136.6,282.9,0,0,181.8,0,5.1,2,1
50,1,1,129.2,217.8,0,1,150.5,0,2.9,1,1
54,1,1,132.7,322.6,0,0,141.6,0,1.6,1,1
35,0,0,137.0,195.9,0,0,167.6,0,0.8,1,0
51,0,1,141.6,183.4,0,1,106.3,1,2.9,1,1
63,1,0,135.6,264.9,0,0,135.8,0,3.9,1,0
70,1,0,164.4,282.4,0,0,150.8,0,0.2,1,1
60,0,0,161.7,210.5,0,0,148.4,0,0.3,0,0
55,1,0,113.2,223.9,0,0,152.9,1,0.4,1,0
55,1,0,113.0,208.7,0,1,167.0,1,0.3,2,0
47,1,0,113.5,270.6,0,1,151.1,0,0.5,2,0
63,1,2,145.2,245.3,0,0,132.5,1,1.2,2,1
62,1,3,121.1,224.5,0,0,134.0,0,1.5,1,1
49,1,2,152.4,241.5,0,1,159.3,0,3.9,2,1
40,1,0,115.4,301.7,0,0,180.6,0,3.6,2,1
58,1,2,106.4,241.4,1,0,145.5,0,2.5,1,0
65,0,0,101.2,238.9,1,1,191.6,0,0.7,2,0
50,0,3,102.4,229.0,0,0,140.4,1,0.7,1,1
56,1,1,124.3,326.6,0,0,140.3,0,0.2,2,0
58,1,1,167.6,275.0,1,1,150.4,0,0.1,1,1
63,1,3,144.2,309.1,0,1,202.0,1,2.9,1,1
59,1,2,133.8,262.9,0,1,135.0,0,1.6,2,1
46,1,1,119.1,165.9,0,0,129.9,0,0.7,2,0
62,1,0,125.7,225.3,0,1,174.1,0,0.1,2,0
51,1,1,117.8,255.3,1,0,163.6,1,2.6,0,0
54,1,0,124.5,310.3,0,1,126.8,0,1.0,1,1
62,1,2,135.1,126.0,0,1,160.2,0,2.0,0,0
37,0,2,142.9,281.8,0,0,171.6,1,1.9,0,1
62,1,0,125.3,306.2,0,1,150.7,0,0.2,2,0
44,0,0,143.0,193.8,1,0,162.6,0,0.2,1,0
49,0,0,130.3,168.8,0,0,155.4,0,2.9,2,0
65,1,3,124.9,408.7,0,1,145.2,0,2.1,2,1
65,1,0,139.3,245.0,0,0,134.4,0,2.7,2,0
47,1,0,122.7,209.6,0,0,157.5,0,2.9,2,0
45,1,0,133.1,253.3,0,1,152.6,0,1.7,2,0
40,1,2,131.2,297.7,0,1,134.2,0,0.6,0,0
46,1,3,150.0,208.2,0,0,162.2,1,4.5,1,1
68,0,1,130.2,317.5,1,0,138.5,0,0.8,1,0
56,1,1,137.8,160.6,0,0,155.8,1,0.5,2,1
45,0,0,113.7,240.1,0,1,192.8,0,0.1,1,0
53,1,2,127.6,248.2,0,0,127.6,0,6.2,2,1
42,1,0,154.4,322.9,0,0,145.0,0,1.0,1,0
53,1,0,155.4,239.2,0,0,157.0,0,0.8,2,1
60,1,0,143.6,240.3,0,1,141.2,0,0.4,2,1
41,0,0,122.2,229.4,0,1,165.8,1,0.5,1,0
62,1,0,117.5,126.0,0,2,132.9,1,1.1,1,0
68,1,2,117.2,219.8,0,0,111.5,0,4.4,1,1
62,1,0,121.9,362.7,0,0,124.6,0,4.1,1,1
49,1,3,138.1,238.2,0,0,138.1,1,0.9,2,1
62,1,0,119.0,286.0,0,0,181.6,1,1.0,2,1
45,1,3,113.6,229.7,0,0,160.9,0,1.6,2,0
44,1,1,110.9,259.0,0,1,109.9,1,0.3,2,1
73,1,0,118.9,232.2,0,1,121.6,1,0.7,1,1
42,1,0,95.2,203.8,0,0,151.6,0,4.2,1,1
47,1,0,105.2,268.6,0,1,168.9,1,2.4,1,0
52,1,1,114.4,206.2,0,0,127.3,1,1.8,2,0
55,1,0,125.6,297.7,1,0,157.4,1,1.6,2,0
66,1,1,160.0,281.6,0,1,135.9,0,0.2,1,1
61,1,1,145.3,205.5,0,1,150.0,0,0.4,1,0
66,1,0,135.4,207.3,0,0,147.2,0,4.2,0,1
61,1,1,103.7,310.1,0,0,187.6,0,0.1,1,0
57,1,0,122.5,302.3,0,1,132.9,0,2.0,2,1
41,1,2,142.8,226.9,1,1,138.6,1,0.0,1,1
55,1,0,154.0,237.2,0,0,179.1,1,6.2,0,0
47,1,1,94.0,230.5,0,0,142.3,1,0.0,2,0
47,1,0,155.5,317.8,0,1,170.1,1,2.1,2,1
51,1,0,128.5,288.5,0,0,123.0,1,0.5,0,1
73,1,0,147.6,271.5,0,0,124.5,0,1.2,2,0
63,1,2,121.6,199.2,0,0,159.0,0,0.3,1,1
63,1,0,130.6,191.7,0,1,150.3,0,0.1,0,0
44,1,0,110.4,295.0,0,1,119.1,1,3.0,2,1
54,1,1,133.2,332.8,0,1,149.4,1,0.5,1,1
52,1,2,158.7,126.0,1,1,181.8,0,5.3,0,0
57,1,0,154.6,163.3,0,1,166.6,0,1.2,1,1
61,1,1,146.1,279.3,0,1,170.2,0,0.8,2,0
53,1,0,117.5,233.7,0,0,132.5,0,0.5,2,0
55,1,0,127.3,197.3,1,1,157.7,0,1.2,2,0
60,0,2,121.3,281.4,0,1,165.8,1,1.3,2,0
58,1,3,137.6,177.4,0,0,133.1,0,0.2,1,0
61,1,0,148.8,293.1,0,1,160.5,0,0.5,1,0
29,1,1,110.9,223.6,0,0,122.5,1,3.0,1,1
45,0,0,122.2,332.1,0,1,155.9,0,0.6,2,0
53,1,1,147.9,235.7,0,0,140.2,0,0.5,2,1
45,1,0,150.9,296.7,1,1,194.9,0,0.8,1,0
44,1,1,110.4,222.7,0,1,139.8,0,1.6,1,0
31,1,3,130.2,195.5,1,0,149.8,1,0.7,2,0
60,1,0,153.3,215.3,0,1,129.3,0,0.7,2,0
51,1,2,153.2,249.4,0,1,181.1,0,2.8,2,1
46,0,0,125.2,166.8,0,0,118.3,1,0.5,1,0
69,1,0,150.5,303.6,0,0,137.8,0,0.1,2,0
50,1,0,138.1,244.8,0,0,108.4,0,0.8,2,0
62,1,0,114.8,126.0,0,0,120.0,0,0.1,2,0
56,1,0,161.2,169.3,0,0,165.5,1,2.0,2,0
59,0,2,124.4,187.2,1,0,160.6,1,0.7,2,0
35,0,2,129.5,188.5,0,0,169.1,0,0.2,1,1
52,1,2,103.9,256.1,0,0,168.3,1,0.2,1,1
50,1,1,122.9,236.1,0,0,158.4,0,0.3,2,1
60,1,2,119.1,266.7,0,1,152.9,0,1.9,2,1
77,0,0,100.4,209.0,0,1,92.3,1,1.0,0,0
68,1,0,139.2,296.2,0,0,149.6,1,1.0,2,1
66,1,0,119.1,210.0,1,1,132.2,0,0.6,0,0
41,1,0,147.8,203.9,0,1,162.3,0,2.3,2,1
56,0,1,126.4,270.3,1,0,164.3,1,0.2,2,0
52,0,2,151.4,193.7,0,0,140.5,1,0.2,2,1
41,0,0,132.6,293.8,0,0,131.3,1,0.6,2,0
57,1,2,128.3,324.7,0,0,174.0,1,1.4,2,1
63,1,3,128.1,296.0,0,1,148.0,0,0.7,1,1
